{"cameraMode":{"drawMode":0,"name":"Shaded","section":"Shading Mode"},"sceneLighting":false,"audioPlay":false,"sceneViewState":{"showFog":true,"showMaterialUpdate":false,"showSkybox":true,"showFlares":true,"showImageEffects":true,"showParticleSystems":true},"in2DMode":false,"pivot":{"x":11.474275588989258,"y":3.9173755645751955,"z":34.82612609863281},"rotation":{"x":0.004524766001850367,"y":0.958705723285675,"z":-0.2840026021003723,"w":0.015238971449434758},"size":16.99349594116211,"orthographic":false}